ParentGlobalID,Model,DevSet,E,I,P,ALI,PMAX,SiteCode,DateSampled,Set,Determination_Updated,Class50
7a1b44a5-d9ea-49ad-8fcd-4a0d8654deb6,SnowDom,Training,0.8475177304964538,0.1524822695035461,0,0.1524822695035461,0.8475177304964538,AZWM1842,6/23/2020,Validation,E,E
3d373639-6729-4a3f-94fa-1369e1b81e87,SnowDom,Training,0.7453874538745388,0.20848708487084872,0.046125461254612546,0.25461254612546125,0.7453874538745388,AZWM1843,6/23/2020,Validation,E,E
a9d513e3-56b9-4574-b8aa-31771a439744,SnowDom,Training,0.5588785046728972,0.4373831775700935,0.003738317757009346,0.4411214953271028,0.5588785046728972,AZWM1867,6/23/2020,Validation,E,E
fca5dc86-54e4-4ea1-aa7f-58212ac9a75e,SnowDom,Training,0.6111111111111112,0.3835125448028674,0.005376344086021506,0.3888888888888889,0.6111111111111112,AZWM1588,6/29/2020,Validation,E,E
f8fa9ffa-8c51-4230-a081-46683dc4b722,SnowDom,Training,0.7375886524822696,0.2588652482269504,0.003546099290780142,0.26241134751773054,0.7375886524822696,UTWM1363,7/26/2020,Validation,E,E
21253082-e4b5-48f8-9d05-35a89752f6a3,SnowDom,Training,0.8760907504363001,0.12390924956369982,0,0.12390924956369982,0.8760907504363001,UTWM1875,7/29/2020,Validation,E,E
7ba3cf89-6bab-41f7-8de4-1266e085e445,SnowDom,Training,0.8614564831261101,0.13854351687388988,0,0.13854351687388988,0.8614564831261101,UTWM1879,7/29/2020,Validation,E,E
33e987e8-6e49-457c-9724-9ebd0b279014,SnowDom,Training,0.005136986301369863,0.7996575342465754,0.1952054794520548,0.9948630136986302,0.7996575342465754,WYWM1841,7/31/2020,Validation,E,I
a78e0084-cf47-41a1-89bf-735cad5e8305,SnowDom,Training,0.7509157509157509,0.2454212454212454,0.003663003663003663,0.24908424908424906,0.7509157509157509,MTWM1905,8/11/2020,Validation,E,E
267d92f9-dda5-4989-b0e5-f22fde571dac,SnowDom,Training,0.5477099236641222,0.42366412213740456,0.02862595419847328,0.45229007633587787,0.5477099236641222,CAWM1871,9/8/2020,Validation,E,E
6c7a8a1f-61c2-4a2f-ac22-0b2cb4c15bfe,SnowDom,Training,0.5565371024734983,0.441696113074205,0.00176678445229682,0.4434628975265018,0.5565371024734983,AZWM1848,10/22/2020,Validation,E,E
ad58b192-5a36-493c-8632-1ea74271890c,SnowDom,Training,0.20255474452554745,0.718978102189781,0.07846715328467153,0.7974452554744526,0.718978102189781,NMWM1301,7/23/2019,Baseline,I,I
49fbd2cf-8701-4faf-b1ae-e71ec2160c27,SnowDom,Training,0.003656307129798903,0.6453382084095064,0.3510054844606947,0.9963436928702011,0.6453382084095064,COWM0862,7/26/2019,Baseline,I,I
b889b004-be42-4734-8cf6-0d49a905b5d7,SnowDom,Training,0.09550561797752809,0.6367041198501873,0.26779026217228463,0.9044943820224719,0.6367041198501873,NMWM1300,7/27/2019,Baseline,I,I
bf8e6b54-8856-455a-b98c-bec6c932c713,SnowDom,Training,0,0.6578947368421053,0.34210526315789475,1,0.6578947368421053,COWM1368,7/30/2019,Baseline,I,I
af9cbbeb-da8b-4613-982a-8c87b5c89f96,SnowDom,Training,0.10657193605683836,0.872113676731794,0.021314387211367674,0.8934280639431617,0.872113676731794,CAWM0736,9/1/2019,Baseline,I,I
f1c591cf-f343-4246-a8a6-0e16b0f14478,SnowDom,Training,0.2136279926335175,0.5414364640883977,0.24493554327808473,0.7863720073664825,0.5414364640883977,COWM0873,7/18/2020,Baseline,I,I
67e4fc0e-f774-4fc0-b52d-77c0d106a251,SnowDom,Training,0.30241187384044527,0.4675324675324675,0.2300556586270872,0.6975881261595547,0.4675324675324675,WYWM1535,7/21/2020,Baseline,I,ALI
a34e136b-4e0b-4298-a026-e01cc78bb7c6,SnowDom,Training,0.11531531531531532,0.8342342342342343,0.05045045045045045,0.8846846846846848,0.8342342342342343,WYWM0754,7/24/2020,Baseline,I,I
b9845737-92ef-4886-84c5-b62bf996c2e0,SnowDom,Training,0,0.21201413427561838,0.7879858657243817,1,0.7879858657243817,CAWM0588,8/9/2020,Baseline,I,P
e502e058-fb5d-4343-ae34-3ccbddee9dc1,SnowDom,Training,0.07184466019417475,0.7533980582524272,0.17475728155339806,0.9281553398058253,0.7533980582524272,WYWM0774,10/10/2020,Baseline,I,I
4e61c984-a8ce-4b35-a6c3-787c918f3fd7,SnowDom,Training,0.17793594306049823,0.8078291814946619,0.014234875444839857,0.8220640569395017,0.8078291814946619,COWM1030,10/12/2020,Baseline,I,I
936a11b8-8eb9-4fac-88eb-fc2c065f7184,SnowDom,Training,0,0.5316901408450704,0.46830985915492956,1,0.5316901408450704,COWM1421,10/13/2020,Baseline,I,I
66615bee-c7be-480e-a877-37eb0ade36d7,SnowDom,Training,0.312962962962963,0.6796296296296297,0.0074074074074074086,0.6870370370370371,0.6796296296296297,COWM1156,10/13/2020,Baseline,I,I
202bbca0-2f64-4762-b88d-535599265500,SnowDom,Training,0.14232209737827714,0.846441947565543,0.011235955056179775,0.8576779026217228,0.846441947565543,AZWM0114,10/22/2020,Baseline,I,I
d6ba2912-4748-4d8f-9a96-2b1e69933e22,SnowDom,Training,0.368141592920354,0.6283185840707964,0.0035398230088495575,0.631858407079646,0.6283185840707964,AZWM0113,6/22/2020,Validation,I,I
de05a632-b60f-41f0-9bb7-3bd1b85d4874,SnowDom,Training,0.025390625,0.89453125,0.080078125,0.974609375,0.89453125,AZWM0116,6/26/2020,Validation,I,I
5ef1b2e0-94ac-4158-b8d3-b11af2ed94ea,SnowDom,Training,0.010771992818671455,0.6175942549371634,0.37163375224416517,0.9892280071813285,0.6175942549371634,COWM1004,7/14/2020,Validation,I,I
420115cb-d561-4e1c-b333-4c57261f15c4,SnowDom,Training,0.01592920353982301,0.6548672566371682,0.3292035398230089,0.984070796460177,0.6548672566371682,COWM0905,7/19/2020,Validation,I,I
10b2984a-8494-4416-822a-88c9703cf74d,SnowDom,Training,0.026565464895635674,0.713472485768501,0.25996204933586337,0.9734345351043643,0.713472485768501,COWM0821,7/20/2020,Validation,I,I
9a2e2b5e-7547-48a7-af9e-9b834f17040b,SnowDom,Training,0.016453382084095063,0.43144424131627057,0.5521023765996343,0.9835466179159049,0.5521023765996343,UTWM1447,7/28/2020,Validation,I,P
53ac6c2f-bc63-4b1c-b4d2-09d26b1bfafe,SnowDom,Training,0.1003584229390681,0.5609318996415771,0.3387096774193548,0.8996415770609318,0.5609318996415771,UTWM1431,7/27/2020,Validation,I,I
bc8f9652-284b-41e6-a58d-ed1197d2582a,SnowDom,Training,0.009259259259259259,0.23333333333333334,0.7574074074074074,0.9907407407407407,0.7574074074074074,MTWM1835,8/5/2020,Validation,I,P
14eec027-4d27-46bf-8415-069797747c35,SnowDom,Training,0.24118738404452691,0.7551020408163265,0.0037105751391465678,0.758812615955473,0.7551020408163265,MTWM1815,8/5/2020,Validation,I,I
ca1c4f52-a0d4-47cd-8774-8fc59227635c,SnowDom,Training,0.009124087591240875,0.8740875912408759,0.11678832116788321,0.990875912408759,0.8740875912408759,MTWM1569,8/10/2020,Validation,I,I
24da342d-a695-4d5f-bdaa-651c814c4d23,SnowDom,Training,0.029513888888888888,0.9392361111111112,0.03125,0.9704861111111112,0.9392361111111112,MTWM1563,8/9/2020,Validation,I,I
bde41616-cab8-4829-8c40-734ed33f9b05,SnowDom,Training,0.014466546112115732,0.36347197106690776,0.6220614828209765,0.9855334538878843,0.6220614828209765,MTWM1840,8/8/2020,Validation,I,P
d23259d9-4403-4255-8c6c-5b3113a808ed,SnowDom,Training,0,0.013358778625954198,0.9866412213740458,1,0.9866412213740458,MTWM1726,8/6/2020,Validation,I,P
63508a72-4a9d-476c-a07e-ee0878ede3dd,SnowDom,Training,0.056140350877192984,0.5719298245614035,0.3719298245614035,0.9438596491228071,0.5719298245614035,MTWM1785,8/6/2020,Validation,I,I
452f2e41-3803-474c-99f9-a80b8eab127c,SnowDom,Training,0.020833333333333332,0.375,0.6041666666666666,0.9791666666666666,0.6041666666666666,CAWM0592,8/8/2020,Validation,I,P
8c074f65-43d3-4dbf-8a8b-520a28a178fd,SnowDom,Training,0.096579476861167,0.89738430583501,0.006036217303822937,0.903420523138833,0.89738430583501,CAWM1822,8/7/2020,Validation,I,I
159c032e-982b-4337-a7c5-5455a8a27bef,SnowDom,Training,0.6178707224334601,0.3574144486692015,0.024714828897338403,0.3821292775665399,0.6178707224334601,CAWM1831,8/9/2020,Validation,I,E
433bab78-afd3-4f06-a793-a9dd13816b53,SnowDom,Training,0,0.04159132007233273,0.9584086799276673,1,0.9584086799276673,CAWM0595,8/8/2020,Validation,I,P
29772b40-667a-4514-9491-bddbeff2c223,SnowDom,Training,0,0.05653710247349823,0.9434628975265018,1,0.9434628975265018,WYWM1914,8/14/2020,Validation,I,P
437feb1f-09de-4f9d-a2ee-b6339fa91a50,SnowDom,Training,0.03125,0.6458333333333334,0.3229166666666667,0.96875,0.6458333333333334,MTWM1711,8/10/2020,Validation,I,I
a135ecf6-1b7c-4c68-86a1-09614b4a2667,SnowDom,Training,0.11775043936731107,0.8629173989455184,0.019332161687170474,0.8822495606326889,0.8629173989455184,WYWM1916,8/19/2020,Validation,I,I
d47ad33d-1855-4a70-90dc-9c30cef4a2fc,SnowDom,Training,0.8143382352941176,0.12316176470588236,0.0625,0.18566176470588236,0.8143382352941176,AZWM1855,10/20/2020,Validation,I,E
aa0c72d2-e75d-4f8c-9514-00c33cc5a0b1,SnowDom,Training,0.005199306759098787,0.25476603119584057,0.7400346620450606,0.9948006932409013,0.7400346620450606,NMWM1303,7/24/2019,Baseline,P,P
cb632178-6f30-4354-a607-5d56b2127a42,SnowDom,Training,0.1171003717472119,0.8104089219330854,0.0724907063197026,0.882899628252788,0.8104089219330854,WYWM0749,8/4/2019,Baseline,P,I
d1a681fd-b544-45de-bc8c-96d861add202,SnowDom,Training,0.20640569395017794,0.41459074733096085,0.3790035587188612,0.7935943060498221,0.41459074733096085,WYWM1537,7/23/2020,Validation,P,ALI
d26c6b61-c75f-4d91-9300-1f991022985c,SnowDom,Training,0,0.14285714285714285,0.8571428571428571,1,0.8571428571428571,WYWM1534,7/21/2020,Validation,P,P
c2c849c7-214d-45e5-a228-f81fbb08543a,SnowDom,Training,0,0.26394052044609667,0.7360594795539034,1,0.7360594795539034,COWM0852,8/13/2019,Validation,P,P
4b6712d6-73bb-45ec-bd99-9534b1c4541d,SnowDom,Training,0.0038461538461538464,0.4403846153846154,0.5557692307692308,0.9961538461538462,0.5557692307692308,COWM0973,7/20/2020,Baseline,P,P
94b03149-2ebf-438f-bbd2-b98171978b92,SnowDom,Training,0.2943327239488117,0.37294332723948814,0.3327239488117002,0.7056672760511884,0.37294332723948814,WYWM1530,8/2/2020,Baseline,P,ALI
00d76c93-92d9-471b-882f-a4219a423a62,SnowDom,Training,0.09380863039399624,0.8292682926829268,0.07692307692307693,0.9061913696060038,0.8292682926829268,NVWM1255,10/2/2020,Baseline,P,I
921b887f-e25c-453f-b967-76302676100a,SnowDom,Training,0,0.07706093189964158,0.9229390681003584,1,0.9229390681003584,WYWM1540,10/3/2020,Baseline,P,P
09447a67-4e79-4934-9280-0121a139992d,SnowDom,Training,0,0.8689407540394973,0.1310592459605027,1,0.8689407540394973,COWM1029,10/12/2020,Baseline,P,I
e2338230-e54b-49c4-8132-6a67aa7b3ec5,SnowDom,Training,0.009041591320072333,0.46835443037974683,0.5226039783001808,0.9909584086799277,0.5226039783001808,AZWM0123,10/21/2020,Baseline,P,P
7ca8797c-c951-4904-84b3-b8416ca7cb43,SnowDom,Training,0.05150976909413854,0.3641207815275311,0.5843694493783304,0.9484902309058614,0.5843694493783304,AZWM0122,6/29/2020,Validation,P,P
d35b3ba1-6f5b-48de-bf9a-00fe19c733fb,SnowDom,Training,0,0.46593001841620624,0.5340699815837937,1,0.5340699815837937,COWM1093,7/6/2020,Validation,P,P
1f155a41-810c-49e7-bfbd-d630a8cc3720,SnowDom,Training,0,0.3345656192236599,0.6654343807763401,1,0.6654343807763401,COWM1019,7/13/2020,Validation,P,P
a9c4074b-a24e-47a5-9eac-7acd2c48dd3a,SnowDom,Training,0,0.16356877323420074,0.8364312267657993,1,0.8364312267657993,COWM0876,7/18/2020,Validation,P,P
4ba9d272-7ab7-4579-8cff-3d44acc377b2,SnowDom,Training,0.0017793594306049821,0.2704626334519573,0.7277580071174378,0.9982206405693951,0.7277580071174378,UTWM1015,7/25/2020,Validation,P,P
4803f064-28b4-4f10-899f-23275325e34b,SnowDom,Training,0.01824817518248175,0.7627737226277372,0.21897810218978103,0.9817518248175183,0.7627737226277372,UTWM1096,7/26/2020,Validation,P,I
b876e615-fd2a-4a53-86a0-fa5720aaa04f,SnowDom,Training,0,0.045112781954887216,0.9548872180451128,1,0.9548872180451128,UTWM1152,7/26/2020,Validation,P,P
3c795696-0105-4f24-bb16-bfc93a23b819,SnowDom,Training,0,0.03914590747330961,0.9608540925266904,1,0.9608540925266904,UTWM1419,7/30/2020,Validation,P,P
78c21c3e-78a2-4fb3-8343-50b4e8fab5c7,SnowDom,Training,0.005434782608695652,0.125,0.8695652173913043,0.9945652173913043,0.8695652173913043,WYWM1495,8/2/2020,Validation,P,P
867f981f-1e63-48ec-a6fd-bbe1609fc7a5,SnowDom,Training,0.009345794392523366,0.383177570093458,0.6074766355140188,0.9906542056074767,0.6074766355140188,MTWM1736,8/7/2020,Validation,P,P
49c57b75-992a-4d82-bb38-eb5c7f1ef847,SnowDom,Training,0,0.03428571428571429,0.9657142857142857,1,0.9657142857142857,CAWM0566,8/9/2020,Validation,P,P
35358646-bed4-4455-a295-78ce4735d065,SnowDom,Training,0.0018484288354898336,0.5138632162661737,0.48428835489833644,0.9981515711645101,0.5138632162661737,CAWM0609,8/7/2020,Validation,P,I
b475a5e2-5103-4926-96c7-22da6c125aad,SnowDom,Training,0,0.06741573033707865,0.9325842696629213,1,0.9325842696629213,CAWM0610,8/8/2020,Validation,P,P
aaaee5c9-1e83-4521-a5c8-0de9f142fa45,SnowDom,Training,0,0.02952029520295203,0.9704797047970479,1,0.9704797047970479,MTWM1753,8/12/2020,Validation,P,P
9aa31240-efea-478d-88bc-6971d7f70c2c,SnowDom,Training,0.015180265654648957,0.18785578747628084,0.7969639468690702,0.9848197343453511,0.7969639468690702,MTWM1906,8/12/2020,Validation,P,P
84c0b885-a84a-45d3-b89c-696fceece059,SnowDom,Training,0,0.05008944543828265,0.9499105545617174,1,0.9499105545617174,WYWM1531,8/21/2020,Validation,P,P
6b293f5c-244d-4091-9d0f-18f7cfa25dc3,SnowDom,Training,0,0.03460837887067395,0.9653916211293261,1,0.9653916211293261,WYWM1529,8/20/2020,Validation,P,P
2a6dd5ec-e759-4f00-8d0b-425dc152f700,SnowDom,Training,0.01098901098901099,0.6868131868131868,0.3021978021978022,0.989010989010989,0.6868131868131868,COWM1172,10/15/2020,Validation,P,I
f132d2fd-8033-4eef-bb68-5cf8fd26ba2f,SnowDom,Training,0.026881720430107527,0.9086021505376344,0.06451612903225806,0.9731182795698925,0.9086021505376344,NMWM1302,10/16/2020,Validation,P,I
ec077e7d-b4e1-434c-bf3a-0fe562c5c4ab,SnowDom,Training,0,0.11342155009451796,0.8865784499054821,1,0.8865784499054821,NMWM1311,10/18/2020,Validation,P,P
f238494b-0251-4bff-be45-9c58a388cbf1,SnowDom,Testing,6.666666666666666e-4,0.3006666666666667,0.6986666666666667,0.9993333333333334,0.6986666666666667,CAWM0718,9/3/2019,Baseline,P,P
ce3806e8-8ca3-4f11-9cfa-754485dbef26,SnowDom,Testing,0.0013333333333333333,0.8053333333333333,0.19333333333333333,0.9986666666666667,0.8053333333333333,NMWM1314,7/5/2020,Baseline,P,I
7738db9f-edbb-4b15-8675-03422d745e62,SnowDom,Testing,0.036,0.812,0.152,0.9640000000000001,0.812,COWM1361,7/12/2020,Baseline,I,I
4cfead4a-73b2-4fda-8d12-4fb3bcef6b7c,SnowDom,Testing,0.16133333333333333,0.744,0.09466666666666666,0.8386666666666667,0.744,CAWM0657,8/2/2020,Baseline,I,I
061f88ed-b6f6-4093-b93a-6e2bd5aff9d3,SnowDom,Testing,0.05333333333333334,0.5133333333333333,0.43333333333333335,0.9466666666666667,0.5133333333333333,WYWM1510,8/18/2020,Baseline,P,I
1f30e29f-0922-4f4d-a3dc-5d617a3553eb,SnowDom,Testing,0.07333333333333333,0.63,0.2966666666666667,0.9266666666666667,0.63,WYWM1523,10/5/2020,Baseline,I,I
1d58d348-f4e8-42bb-998d-1546c26e82de,SnowDom,Testing,0.066,0.9046666666666666,0.029333333333333333,0.9339999999999999,0.9046666666666666,WYWM1521,10/5/2020,Baseline,I,I
979ad10a-7a65-416c-a842-228184ff692a,SnowDom,Testing,0.0033333333333333335,0.36466666666666664,0.632,0.9966666666666666,0.632,WYWM1500,10/7/2020,Baseline,I,P
a0f203bc-432a-4aa8-99f9-001032897384,SnowDom,Testing,0.07333333333333333,0.896,0.030666666666666665,0.9266666666666666,0.896,AZWM0118,6/26/2020,Validation,I,I
0c59bc1e-8f38-4a5a-95e0-182f2e58c703,SnowDom,Testing,0.03866666666666667,0.7133333333333334,0.248,0.9613333333333334,0.7133333333333334,AZWM1853,6/29/2020,Validation,P,I
05e26462-09aa-4e92-917e-e026538430d3,SnowDom,Testing,0.0033333333333333335,0.6873333333333334,0.30933333333333335,0.9966666666666667,0.6873333333333334,COWM1092,7/11/2020,Validation,P,I
73351a76-bbc5-4468-be17-435964aa5fa3,SnowDom,Testing,0.0033333333333333335,0.9226666666666666,0.074,0.9966666666666666,0.9226666666666666,COWM0854,7/17/2020,Validation,I,I
0ff8c538-a250-43d2-baff-6e980c7c0c2b,SnowDom,Testing,0.628,0.32666666666666666,0.04533333333333334,0.372,0.628,UTWM1150,7/25/2020,Validation,E,E
8e120afb-c4fb-4ecc-8e7c-c2fd6e18cb8e,SnowDom,Testing,0,0.14533333333333334,0.8546666666666667,1,0.8546666666666667,WYWM1494,8/3/2020,Validation,P,P
ce525349-d71d-46ab-84bb-235ac119f823,SnowDom,Testing,0.17666666666666667,0.7466666666666667,0.07666666666666666,0.8233333333333334,0.7466666666666667,WYWM1913,7/31/2020,Validation,E,I
bada7d2a-9a98-4725-a843-8ef3732c35a7,SnowDom,Testing,0.03133333333333333,0.528,0.44066666666666665,0.9686666666666667,0.528,CAWM0485,8/11/2020,Validation,P,I
666bdc7e-1ce0-412b-a1d5-8b378f5b4ea5,SnowDom,Testing,0.007333333333333333,0.85,0.14266666666666666,0.9926666666666666,0.85,CAWM0672,8/2/2020,Validation,I,I
ae75367c-b3f8-429b-8871-c46fdc61c5e6,SnowDom,Testing,0,0.16333333333333333,0.8366666666666667,1,0.8366666666666667,CAWM0598,8/8/2020,Validation,P,P
33d086f7-d6cf-4b1f-b6bd-d7f9aa2e3cd9,SnowDom,Testing,0.8013333333333333,0.188,0.010666666666666666,0.19866666666666666,0.8013333333333333,MTWM1907,8/11/2020,Validation,I,E
bbc633ea-740c-4508-95b2-f748956ba3e6,SnowDom,Testing,0.102,0.812,0.086,0.898,0.812,MTWM1904,8/11/2020,Validation,E,I
d3704b4d-25a9-4bb0-868b-a53c13f43409,SnowDom,Testing,0.002,0.306,0.692,0.998,0.692,WYWM1915,8/19/2020,Validation,I,P
38ccb345-a4fc-4d78-b601-fcfd4d878355,SnowDom,Revisit,0.06733333333333333,0.6273333333333333,0.30533333333333335,0.9326666666666666,0.6273333333333333,AZWM0114,7/2/2019,Baseline,I,I
1ba3f45e-fe23-4123-939c-d0270b57caa7,SnowDom,Revisit,0.021333333333333333,0.396,0.5826666666666667,0.9786666666666667,0.5826666666666667,AZWM0123,7/15/2019,Baseline,P,P
fa505b88-f615-4fdc-aff4-fd98e32ee106,SnowDom,Revisit,0,0.08,0.92,1,0.92,NMWM1314,7/23/2019,Baseline,P,P
e8a7545c-1e88-4453-8a27-f0146d185bf5,SnowDom,Revisit,0.006666666666666667,0.7286666666666667,0.26466666666666666,0.9933333333333334,0.7286666666666667,COWM1029,7/27/2019,Baseline,P,I
c5ec404d-bb29-4f4e-82c7-f1c25430f175,SnowDom,Revisit,0.10266666666666667,0.892,0.005333333333333333,0.8973333333333333,0.892,COWM1030,7/27/2019,Baseline,I,I
eb1ecd0b-a9ca-4aa9-b6a7-4a3a51e98199,SnowDom,Revisit,0.032,0.8026666666666666,0.16533333333333333,0.968,0.8026666666666666,WYWM0754,8/4/2019,Baseline,I,I
28a4a76e-a208-494c-9ac4-48c256203ae4,SnowDom,Revisit,0.019333333333333334,0.8153333333333334,0.16533333333333333,0.9806666666666667,0.8153333333333334,WYWM0774,8/3/2019,Baseline,I,I
3bdf9321-722e-4b15-9080-c965c5f24848,SnowDom,Revisit,0,0.03266666666666666,0.9673333333333334,1,0.9673333333333334,WYWM1540,8/3/2019,Baseline,P,P
6c4c6810-7b60-46d4-b81a-96534f8475ea,SnowDom,Revisit,0.15266666666666667,0.7706666666666667,0.07666666666666666,0.8473333333333334,0.7706666666666667,COWM1361,8/1/2019,Baseline,I,I
b06a532b-fd7d-4335-bbb9-3945b0ee78ee,SnowDom,Revisit,0.07266666666666667,0.6566666666666666,0.27066666666666667,0.9273333333333333,0.6566666666666666,COWM1421,8/1/2019,Baseline,I,I
3b971cc1-e11f-4f2f-8a52-46b8a367fb3a,SnowDom,Revisit,0.082,0.6133333333333333,0.30466666666666664,0.9179999999999999,0.6133333333333333,COWM1156,8/1/2019,Baseline,I,I
4194fc14-5a5d-4a6d-bf15-ee32ed00d43c,SnowDom,Revisit,0.04666666666666667,0.6706666666666666,0.2826666666666667,0.9533333333333334,0.6706666666666666,WYWM1510,8/7/2019,Baseline,P,I
aeb37e53-6d67-499b-a44c-3d8b3d12fac7,SnowDom,Revisit,0.066,0.9046666666666666,0.029333333333333333,0.9339999999999999,0.9046666666666666,WYWM1521,8/6/2019,Baseline,I,I
0a373deb-b4d1-4fab-8b02-dd28649dfbb0,SnowDom,Revisit,0.014666666666666666,0.824,0.16133333333333333,0.9853333333333333,0.824,WYWM1523,8/6/2019,Baseline,I,I
91c3d3d4-6344-4771-b8cb-fd442d460e75,SnowDom,Revisit,0.044,0.802,0.154,0.9560000000000001,0.802,WYWM1500,8/9/2019,Baseline,I,I
f98fa446-9b93-43a4-9bdf-48869944a1db,SnowDom,Revisit,0.012666666666666666,0.7286666666666667,0.25866666666666666,0.9873333333333334,0.7286666666666667,WYWM1535,8/11/2019,Baseline,I,I
7677f32a-5b00-4979-85bf-12edfdf58f6c,SnowDom,Revisit,0.028,0.38533333333333336,0.5866666666666667,0.972,0.5866666666666667,WYWM1530,8/10/2019,Baseline,P,P
c07fe7fd-f1db-422c-98fb-8648be6493ca,SnowDom,Revisit,0.17933333333333334,0.3353333333333333,0.48533333333333334,0.8206666666666667,0.48533333333333334,COWM0973,8/13/2019,Baseline,P,ALI
4f0009a8-27b8-4504-b56f-bb17f11388b4,SnowDom,Revisit,0.007333333333333333,0.4146666666666667,0.578,0.9926666666666666,0.578,COWM0873,8/12/2019,Baseline,I,P
17cd3dce-3ce9-4c74-a866-7ae152ace663,SnowDom,Revisit,0.0013333333333333333,0.38266666666666665,0.616,0.9986666666666666,0.616,CAWM0588,8/28/2019,Baseline,I,P
6162f393-6bbd-4a6a-a3e3-f1d022c10485,SnowDom,Revisit,0.034,0.3893333333333333,0.5766666666666667,0.966,0.5766666666666667,NVWM1255,8/29/2019,Baseline,P,P
2fef0481-c3a9-47dc-90c1-ef2a19e2212b,SnowDom,Revisit,0.034666666666666665,0.284,0.6813333333333333,0.9653333333333334,0.6813333333333333,CAWM0657,9/4/2019,Baseline,I,P
bf913270-9599-4dbc-a778-860d677df696,SnowDom,Revisit,0.102,0.8926666666666667,0.005333333333333333,0.898,0.8926666666666667,AZWM0114,6/24/2020,Baseline,I,I
49c485c8-2684-4cad-9c99-a4a53f92526f,SnowDom,Revisit,0.25066666666666665,0.246,0.5033333333333333,0.7493333333333333,0.5033333333333333,AZWM0123,6/30/2020,Baseline,P,P
28aa614e-fd7b-450f-b1c9-6b4c7040b229,SnowDom,Revisit,0.03866666666666667,0.29733333333333334,0.664,0.9613333333333334,0.664,NMWM1300,7/4/2020,Baseline,I,P
abb5b53f-b274-4811-a0e9-47ab95b2fa37,SnowDom,Revisit,0.10066666666666667,0.8626666666666667,0.03666666666666667,0.8993333333333333,0.8626666666666667,NMWM1301,7/4/2020,Baseline,I,I
fd04ee08-90e3-43e2-b855-7d97f17bb287,SnowDom,Revisit,0.008,0.9033333333333333,0.08866666666666667,0.992,0.9033333333333333,COWM1368,7/8/2020,Baseline,I,I
1a46b322-4407-4816-90d9-09b7f2f7b3b5,SnowDom,Revisit,0.16533333333333333,0.834,6.666666666666666e-4,0.8346666666666667,0.834,COWM1156,7/10/2020,Baseline,I,I
ab2cab42-c92f-4934-a0fc-3193b7179e21,SnowDom,Revisit,0.050666666666666665,0.932,0.017333333333333333,0.9493333333333334,0.932,COWM1421,7/11/2020,Baseline,I,I
fc59429b-9831-4b34-bfdf-e244f50b6c94,SnowDom,Revisit,0.07333333333333333,0.65,0.27666666666666667,0.9266666666666667,0.65,COWM1030,7/13/2020,Baseline,I,I
583f4b38-f4f5-4e65-8483-e928588b17b8,SnowDom,Revisit,0.0013333333333333333,0.48533333333333334,0.5133333333333333,0.9986666666666666,0.5133333333333333,COWM1029,7/14/2020,Baseline,P,P
49bbf62d-1f88-4bb3-b53c-add8b33198e9,SnowDom,Revisit,0.062,0.92,0.018,0.9380000000000001,0.92,COWM0862,7/18/2020,Baseline,I,I
2ebcbed9-b348-4af6-a38f-1f8bb49a74ad,SnowDom,Revisit,0.148,0.7686666666666667,0.08333333333333333,0.8520000000000001,0.7686666666666667,WYWM0749,7/24/2020,Baseline,P,I
ee8b2734-b5fb-4eb5-9424-d682d160f95b,SnowDom,Revisit,0.0026666666666666666,0.558,0.43933333333333335,0.9973333333333334,0.558,WYWM0774,7/24/2020,Baseline,I,I
0dfe872d-e527-4d7b-bd41-50a3d59c0023,SnowDom,Revisit,0.122,0.7273333333333334,0.15066666666666667,0.8780000000000001,0.7273333333333334,WYWM1500,8/3/2020,Baseline,I,I
7133a34a-f8b6-4e61-b6d8-ab3d1d355e7c,SnowDom,Revisit,0,0.03266666666666666,0.9673333333333334,1,0.9673333333333334,WYWM1540,7/31/2020,Baseline,P,P
1bcdc00b-ea2e-4547-ae05-f7fd076402d2,SnowDom,Revisit,0.005333333333333333,0.4126666666666667,0.582,0.9946666666666666,0.582,CAWM0718,8/1/2020,Baseline,P,P
386a43fc-de8d-464f-96ad-2220e68f625d,SnowDom,Revisit,0.014666666666666666,0.578,0.4073333333333333,0.9853333333333333,0.578,NVWM1255,8/7/2020,Baseline,P,I
a3c2b5f5-7a49-435d-98f7-68da4cf6d9a3,SnowDom,Revisit,0.02266666666666667,0.814,0.16333333333333333,0.9773333333333333,0.814,WYWM1521,8/17/2020,Baseline,I,I
ff38a7e0-fc8d-4e45-90cc-14c19f9fecf6,SnowDom,Revisit,0,0.23333333333333334,0.7666666666666667,1,0.7666666666666667,WYWM1523,8/17/2020,Baseline,I,P
d9a33b5a-4a87-48c6-922f-2a0826d8b4c5,SnowDom,Revisit,0.0013333333333333333,0.36466666666666664,0.634,0.9986666666666666,0.634,WYWM0749,10/4/2020,Baseline,P,P
00dfd42c-c3a4-4921-bbfd-402419fcf48a,SnowDom,Revisit,0.026,0.43866666666666665,0.5353333333333333,0.974,0.5353333333333333,WYWM1510,10/6/2020,Baseline,P,P
5b5b0f68-eaaf-474d-9b53-b5b672269f17,SnowDom,Revisit,0.04666666666666667,0.4513333333333333,0.502,0.9533333333333334,0.502,WYWM1530,10/8/2020,Baseline,P,P
a689c8bb-bc00-4205-8403-9fe3200a9261,SnowDom,Revisit,0,0.23333333333333334,0.7666666666666667,1,0.7666666666666667,WYWM1535,10/9/2020,Baseline,I,P
9562997e-e10c-4d89-afe3-d73ec8f2235f,SnowDom,Revisit,0.076,0.5686666666666667,0.35533333333333333,0.9239999999999999,0.5686666666666667,COWM0862,10/10/2020,Baseline,I,I
7d59d831-eda6-42a3-8449-274aa9ff2545,SnowDom,Revisit,0.12933333333333333,0.75,0.12066666666666667,0.8706666666666667,0.75,COWM0873,10/10/2020,Baseline,I,I
66fb1ecd-14f7-45f5-9302-506fbf145fdc,SnowDom,Revisit,0.044,0.7973333333333333,0.15866666666666668,0.956,0.7973333333333333,COWM1361,10/12/2020,Baseline,I,I
59184c13-89d7-4762-bfa5-9c1128bd1cbd,SnowDom,Revisit,0.008,0.868,0.124,0.992,0.868,COWM1368,10/14/2020,Baseline,I,I
83f934a6-1aff-402d-9faa-1b02167a7161,SnowDom,Revisit,0.036,0.7813333333333333,0.18266666666666667,0.964,0.7813333333333333,NMWM1300,10/16/2020,Baseline,I,I
b8bdbca7-4b48-47dc-8c86-b88cba6c3ab8,SnowDom,Revisit,0.16733333333333333,0.76,0.07266666666666667,0.8326666666666667,0.76,NMWM1301,10/16/2020,Baseline,I,I
5c333cb8-79a4-4651-b6b1-e4648dba672c,SnowDom,Revisit,0.018,0.802,0.18,0.982,0.802,NMWM1314,10/18/2020,Baseline,P,I
3f0f7b8c-3c82-4a2b-a2f3-093591895625,SnowDom,Revisit,0.03666666666666667,0.4046666666666667,0.5586666666666666,0.9633333333333334,0.5586666666666666,CAWM0718,10/27/2020,Baseline,P,P
90efce7b-48d5-41c2-8995-2705a8aab12d,SnowDom,Revisit,0.08,0.884,0.036,0.92,0.884,CAWM0736,7/30/2020,Baseline,I,I
e339ff52-f00a-4333-846b-dcd8d294cc8b,NonSnowDom,Training,0.13454545454545455,0.8163636363636364,0.04909090909090909,0.8654545454545455,0.8163636363636364,NMWM1319,7/6/2020,Baseline,E,I
697e041e-6374-4a15-a46e-2d74697b4543,NonSnowDom,Training,0.7806691449814126,0.2137546468401487,0.0055762081784386614,0.21933085501858735,0.7806691449814126,CAWM0525,9/3/2020,Baseline,E,E
8fa8f2c7-4460-4090-98e3-b31c0cd165bf,NonSnowDom,Training,0.5073529411764706,0.4264705882352941,0.0661764705882353,0.4926470588235294,0.5073529411764706,AZWM1590,6/27/2020,Validation,E,E
c09a51b2-5bd9-4570-9164-28ccec4a9f74,NonSnowDom,Training,0.6041666666666666,0.3712121212121212,0.02462121212121212,0.3958333333333333,0.6041666666666666,AZWM1591,6/28/2020,Validation,E,E
a4e5e0b3-b247-4b23-9687-ced55cab7c41,NonSnowDom,Training,0.04363636363636364,0.9127272727272727,0.04363636363636364,0.9563636363636363,0.9127272727272727,COWM1002,7/15/2020,Validation,E,I
ad4707d8-199c-49ae-b6bd-20cbbb83cb94,NonSnowDom,Training,0.847985347985348,0.14652014652014653,0.005494505494505495,0.15201465201465203,0.847985347985348,MTWM1910,8/7/2020,Validation,E,E
ddd90413-8db1-4e07-955f-4d2e85285cb4,NonSnowDom,Training,0.7716390423572744,0.22283609576427257,0.0055248618784530384,0.22836095764272563,0.7716390423572744,MTWM1908,8/7/2020,Validation,E,E
ac7b229e-a290-4c62-9712-041cf709100b,NonSnowDom,Training,0.5430711610486891,0.4344569288389513,0.02247191011235955,0.45692883895131087,0.5430711610486891,CAWM1891,9/5/2020,Validation,E,E
406b175c-4210-401f-a63d-48ff269d61e7,NonSnowDom,Training,0.9194756554307116,0.07677902621722846,0.003745318352059925,0.08052434456928838,0.9194756554307116,CAWM1902,9/5/2020,Validation,E,E
1c3c9536-8dd5-4f30-bf04-20152b57c393,NonSnowDom,Training,0.3485714285714286,0.4057142857142857,0.24571428571428572,0.6514285714285715,0.4057142857142857,CAWM1894,9/6/2020,Validation,E,ALI
0478a6a6-23af-4866-bca6-30ed99437469,NonSnowDom,Training,0.9137614678899083,0.07339449541284404,0.012844036697247707,0.08623853211009175,0.9137614678899083,CAWM1899,9/7/2020,Validation,E,E
1e104489-5069-4083-8598-8561fcccb8ea,NonSnowDom,Training,0.9748201438848921,0.025179856115107913,0,0.025179856115107913,0.9748201438848921,CAWM1898,9/7/2020,Validation,E,E
8ce2a853-c0df-458e-a565-95d5f3ce35e7,NonSnowDom,Training,0.8142076502732241,0.18579234972677597,0,0.18579234972677597,0.8142076502732241,CAWM1900,9/8/2020,Validation,E,E
6f2784b1-7685-4527-a746-547cf66eb752,NonSnowDom,Training,0.4340277777777778,0.546875,0.019097222222222224,0.5659722222222222,0.546875,NMWM1335,7/12/2019,Baseline,I,I
4cc21818-81ba-42d2-b873-fa822b1f1cd7,NonSnowDom,Training,0.3892988929889299,0.46494464944649444,0.14575645756457564,0.61070110701107,0.46494464944649444,NMWM1318,7/21/2019,Baseline,I,ALI
748a583e-3f17-41ab-9da0-52ce5caf38bf,NonSnowDom,Training,0.26475849731663686,0.6994633273703041,0.03577817531305903,0.7352415026833632,0.6994633273703041,COWM0940,7/26/2019,Baseline,I,I
c96a2d4d-8554-47c3-a2f1-5ee22bcf0bbc,NonSnowDom,Training,0.226691042047532,0.7714808043875686,0.0018281535648994515,0.773308957952468,0.7714808043875686,COWM0861,7/19/2020,Validation,I,I
b6224c76-fd28-40e6-aa68-78f21457286b,NonSnowDom,Training,0.6534296028880866,0.33935018050541516,0.007220216606498195,0.34657039711191334,0.6534296028880866,CAWM0523,9/6/2019,Baseline,I,E
b562bacc-aa9b-418e-bb0d-5e11a8a2b534,NonSnowDom,Training,0.30393996247654786,0.6791744840525328,0.016885553470919325,0.6960600375234521,0.6791744840525328,CAWM0478,9/7/2019,Baseline,I,I
ea460102-636d-4851-bbae-ff36dafc0b20,NonSnowDom,Training,0.17028985507246377,0.8043478260869565,0.025362318840579712,0.8297101449275363,0.8043478260869565,AZWM0121,6/30/2020,Baseline,I,I
fdc3ffbe-b1e2-459d-bf2a-892628c97a3f,NonSnowDom,Training,0.5756457564575646,0.33210332103321033,0.09225092250922509,0.42435424354243545,0.5756457564575646,CAWM0684,8/2/2020,Baseline,I,E
bdc188f2-9c75-4e61-a43a-2d21141aca9a,NonSnowDom,Training,0.5844660194174758,0.24271844660194175,0.17281553398058253,0.4155339805825243,0.5844660194174758,CAWM0549,9/3/2020,Baseline,I,E
a76cf905-cac3-43b8-a6a4-93bd7e11394b,NonSnowDom,Training,0.12639405204460966,0.2174721189591078,0.6561338289962825,0.8736059479553903,0.6561338289962825,CAWM1882,6/20/2020,Validation,I,P
e44e220f-f2fb-42d9-a996-90148feb8234,NonSnowDom,Training,0.6437847866419295,0.28014842300556586,0.07606679035250463,0.3562152133580705,0.6437847866419295,AZWM0115,6/25/2020,Validation,I,E
b74f120f-a423-4e0e-8bf2-5bab2c9a6b66,NonSnowDom,Training,0.36,0.622,0.018,0.64,0.622,AZWM1854,6/30/2020,Validation,I,I
63d78ce1-7bc7-4b36-a334-e87f664f0e53,NonSnowDom,Training,0.2742857142857143,0.6914285714285714,0.03428571428571429,0.7257142857142856,0.6914285714285714,COWM0944,7/17/2020,Validation,I,I
8bc95118-f519-42d4-94b0-cd8ce8b46133,NonSnowDom,Training,0.3339222614840989,0.6484098939929329,0.0176678445229682,0.6660777385159011,0.6484098939929329,COWM0841,7/22/2020,Validation,I,I
35aa15e2-de52-4e5c-8924-8cdd1f9145b4,NonSnowDom,Training,0.005847953216374269,0.19298245614035087,0.8011695906432749,0.9941520467836258,0.8011695906432749,CAWM0621,8/6/2020,Validation,I,P
16d5a691-7776-40f8-9f0b-e731cb57f6d7,NonSnowDom,Training,0.02717391304347826,0.1503623188405797,0.822463768115942,0.9728260869565217,0.822463768115942,CAWM0697,8/5/2020,Validation,I,P
7d8b7ed2-d1b3-48a7-8cb9-e1d886287173,NonSnowDom,Training,0,0.20072992700729927,0.7992700729927007,1,0.7992700729927007,CAWM0724,7/31/2020,Baseline,P,P
ad7b7a4c-eae3-460d-8627-d1edc3df6449,NonSnowDom,Training,0.1425891181988743,0.18574108818011256,0.6716697936210131,0.8574108818011257,0.6716697936210131,AZWM0124,10/21/2020,Baseline,P,P
c76f08e4-6b74-4646-adac-10b529965319,NonSnowDom,Training,0.1726078799249531,0.399624765478424,0.4277673545966229,0.8273921200750469,0.4277673545966229,AZWM0120,6/28/2020,Validation,P,ALI
357101d3-f28f-45bc-bcaf-0e3eaec996c5,NonSnowDom,Training,0.0034662045060658577,0.24263431542461006,0.7538994800693241,0.9965337954939342,0.7538994800693241,NMWM1857,7/1/2020,Validation,P,P
0ff30310-9fa6-46f6-9615-8d6cdae737d4,NonSnowDom,Training,0.034358047016274866,0.6528028933092225,0.3128390596745027,0.9656419529837252,0.6528028933092225,MTWM1813,8/4/2020,Validation,P,I
5415e8ac-8cf9-4689-99ab-214c2857bb41,NonSnowDom,Training,0.10218978102189781,0.2281021897810219,0.6697080291970803,0.8978102189781022,0.6697080291970803,CAWM0495,8/10/2020,Validation,P,P
e2b7c9a2-0140-4425-94a8-dd755f44b83a,NonSnowDom,Training,0.012681159420289856,0.4221014492753623,0.5652173913043478,0.9873188405797101,0.5652173913043478,CAWM0720,8/5/2020,Validation,P,P
4e6783b1-8409-4a50-9044-141af4a9ef09,NonSnowDom,Training,0.06521739130434782,0.3577075098814229,0.5770750988142292,0.9347826086956521,0.5770750988142292,CAWM0519,8/27/2020,Case Study,P,P
678671b9-54af-4ed4-ad2e-e6a9bd506356,NonSnowDom,Training,0.07481751824817519,0.3175182481751825,0.6076642335766423,0.9251824817518248,0.6076642335766423,CAWM0507,9/6/2020,Validation,P,P
3b985fa4-9e05-43fc-8a80-de3eea4ed415,NonSnowDom,Training,0.16758747697974216,0.2007366482504604,0.6316758747697975,0.8324125230202579,0.6316758747697975,NMWM1856,10/20/2020,Validation,P,P
acc41397-c6a2-48d0-9b32-e583338e14d8,NonSnowDom,Testing,0.024,0.396,0.58,0.976,0.58,AZWM0119,6/25/2020,Validation,P,P
fab5ee74-1dbb-4ae1-97f6-6ae088766aad,NonSnowDom,Testing,0.256,0.5053333333333333,0.23866666666666667,0.744,0.5053333333333333,CAWM0652,8/14/2020,Validation,P,I
b8ab7fd4-15d5-464f-99c7-0d1b7ddaf410,NonSnowDom,Testing,0.28,0.678,0.042,0.7200000000000001,0.678,CAWM0477,8/12/2020,Baseline,I,I
a60f134d-b6da-4e28-b31f-efff9fbcd8a6,NonSnowDom,Testing,0.166,0.26466666666666666,0.5693333333333334,0.8340000000000001,0.5693333333333334,CAWM0522,9/4/2020,Baseline,I,P
eab88cc6-7b5d-49e2-9dc6-704c26094ff3,NonSnowDom,Testing,0.21133333333333335,0.78,0.008666666666666666,0.7886666666666667,0.78,COWM0929,10/11/2020,Baseline,E,I
36b6d378-41e7-4a92-b459-9ecffe7d7dd2,NonSnowDom,Testing,0.25066666666666665,0.444,0.30533333333333335,0.7493333333333334,0.444,NMWM1333,7/2/2020,Validation,I,ALI
ed7a1fd8-407f-49dd-9d4c-a1beee44dcda,NonSnowDom,Testing,0.021333333333333333,0.5073333333333333,0.4713333333333333,0.9786666666666666,0.5073333333333333,NMWM1316,7/5/2020,Validation,P,I
478ea854-e55d-4b75-99b9-aeaceca40d13,NonSnowDom,Testing,0.016666666666666666,0.254,0.7293333333333333,0.9833333333333333,0.7293333333333333,CAWM0528,7/8/2020,Case Study,I,P
0f0610c0-d96f-4647-8fcd-9a154d9ba2f4,NonSnowDom,Testing,0.814,0.18333333333333332,0.0026666666666666666,0.186,0.814,CAWM1892,7/10/2020,Case Study,E,E
0dc3d405-60c3-42b8-9c34-2c9bece25367,NonSnowDom,Testing,0.5073333333333333,0.49133333333333334,0.0013333333333333333,0.4926666666666667,0.5073333333333333,COWM0989,7/15/2020,Validation,E,E
27ac4db7-43ba-4a50-a618-931d88bb91b3,NonSnowDom,Testing,0.5386666666666666,0.39666666666666667,0.06466666666666666,0.4613333333333333,0.5386666666666666,CAWM1895,9/6/2020,Validation,E,E
f42c2ade-0d3f-4420-8809-bb4cdb5d4afa,NonSnowDom,Revisit,0.009333333333333334,0.4093333333333333,0.5813333333333334,0.9906666666666667,0.5813333333333334,AZWM0124,7/3/2019,Baseline,P,P
f8f18945-c66f-4fcf-aab3-b2d5846a783d,NonSnowDom,Revisit,0.128,0.522,0.35,0.872,0.522,AZWM0121,7/15/2019,Baseline,I,I
a673b832-f1f2-4f4d-8028-654ef39e1d05,NonSnowDom,Revisit,0.37666666666666665,0.616,0.007333333333333333,0.6233333333333333,0.616,NMWM1319,7/21/2019,Baseline,E,I
43856fcc-d0d5-4493-b240-fc10537f7cfa,NonSnowDom,Revisit,0.44666666666666666,0.5533333333333333,0,0.5533333333333333,0.5533333333333333,COWM0929,7/27/2019,Baseline,E,I
89a5b7c0-9616-4364-95a6-de801fc8e4bd,NonSnowDom,Revisit,0.22066666666666668,0.5426666666666666,0.23666666666666666,0.7793333333333333,0.5426666666666666,CAWM0724,9/2/2019,Baseline,P,I
cac9ca19-997c-411d-8982-3f6f5b5a5d9b,NonSnowDom,Revisit,0.2733333333333333,0.422,0.30466666666666664,0.7266666666666666,0.422,CAWM0684,9/4/2019,Baseline,I,ALI
12cfe0f7-37cc-442b-9980-a3d7a92e2935,NonSnowDom,Revisit,0.3913333333333333,0.604,0.004666666666666667,0.6086666666666667,0.604,CAWM0522,9/6/2019,Baseline,I,I
93875b9d-4be9-4e08-835d-295202ffad39,NonSnowDom,Revisit,0.06666666666666667,0.42933333333333334,0.504,0.9333333333333333,0.504,CAWM0549,9/8/2019,Baseline,I,P
1b1cb449-1fa2-498a-8cb0-2fbb4df6b658,NonSnowDom,Revisit,0.7086666666666667,0.2813333333333333,0.01,0.29133333333333333,0.7086666666666667,CAWM0525,9/8/2019,Baseline,E,E
16894bf5-b3d9-4d40-ba70-037cd685382b,NonSnowDom,Revisit,0.216,0.7666666666666667,0.017333333333333333,0.784,0.7666666666666667,CAWM0477,9/7/2019,Baseline,I,I
808219d3-a503-4238-bcdb-f04b3e652139,NonSnowDom,Revisit,0.416,0.5806666666666667,0.0033333333333333335,0.584,0.5806666666666667,NMWM1335,7/2/2020,Baseline,I,I
1157b0d3-34b3-4882-a1ce-8b78eca12c97,NonSnowDom,Revisit,0.3353333333333333,0.6473333333333333,0.017333333333333333,0.6646666666666666,0.6473333333333333,NMWM1318,7/6/2020,Baseline,I,I
3b9072a7-9262-4b44-9ef7-8b0c71298836,NonSnowDom,Revisit,0.06466666666666666,0.9233333333333333,0.012,0.93533333333333335,0.9233333333333333,COWM0940,7/16/2020,Baseline,I,I
aa62662d-2ecd-4747-b5e9-beb6f2709e16,NonSnowDom,Revisit,0.49266666666666664,0.5073333333333333,0,0.5073333333333333,0.5073333333333333,COWM0929,7/16/2020,Baseline,E,I
e5dbf77c-5322-4af8-8cae-ebd443b68968,NonSnowDom,Revisit,0.35133333333333333,0.6373333333333333,0.011333333333333334,0.6486666666666666,0.6373333333333333,CAWM0478,8/12/2020,Baseline,I,I
9a65f578-27bd-4ac5-bfe0-f5e2d8e48f85,NonSnowDom,Revisit,0.38266666666666665,0.548,0.06933333333333333,0.6173333333333334,0.548,CAWM0523,9/4/2020,Baseline,I,I
101bdc68-60b6-4538-9ae5-9fdd7e8169dd,NonSnowDom,Revisit,0.21133333333333335,0.7826666666666666,0.006,0.7886666666666666,0.7826666666666666,COWM0940,10/11/2020,Baseline,I,I
58a5b7e2-5237-4b53-aff5-b3296c1f54bc,NonSnowDom,Revisit,0.444,0.5506666666666666,0.005333333333333333,0.5559999999999999,0.5506666666666666,NMWM1318,10/17/2020,Baseline,I,I
6250a673-15cb-438a-81da-0c122a201221,NonSnowDom,Revisit,0.46266666666666667,0.5333333333333333,0.004,0.5373333333333333,0.5333333333333333,NMWM1319,10/17/2020,Baseline,E,I
83e81a0f-faaa-4df6-a7e2-d36bc83d4797,NonSnowDom,Revisit,0.406,0.5266666666666666,0.06733333333333333,0.594,0.5266666666666666,NMWM1335,10/19/2020,Baseline,I,I
1d2147ff-0236-49b0-a87b-13047f0ae268,NonSnowDom,Revisit,0.11266666666666666,0.8053333333333333,0.082,0.8873333333333333,0.8053333333333333,AZWM0121,10/21/2020,Baseline,I,I
baae1032-2365-47e5-b47c-ab7ff4a8e0c7,NonSnowDom,Revisit,0.03133333333333333,0.302,0.6666666666666666,0.9686666666666666,0.6666666666666666,CAWM0724,10/26/2020,Baseline,P,P
d281bbbe-af55-4c0b-9275-7885b639f93d,NonSnowDom,Revisit,0.42733333333333334,0.44533333333333336,0.12733333333333333,0.5726666666666667,0.44533333333333336,CAWM0684,10/28/2020,Baseline,I,ALI
f12d8510-7025-454f-ad35-d3883aaf998d,NonSnowDom,Revisit,0.292,0.47333333333333333,0.23466666666666666,0.708,0.47333333333333333,CAWM0549,10/29/2020,Baseline,I,ALI
2e57603c-1300-4168-8e32-9c73a4d5041a,NonSnowDom,Revisit,0.75,0.23533333333333334,0.014666666666666666,0.25,0.75,CAWM0525,10/29/2020,Baseline,E,E
62e2a0bb-41a7-43ea-ac76-fc4f8d4fe244,NonSnowDom,Revisit,0.36733333333333335,0.588,0.04466666666666667,0.6326666666666666,0.588,CAWM0523,10/30/2020,Baseline,I,I
405368e3-6d57-4459-b0b7-06c27c2ca41d,NonSnowDom,Revisit,0.346,0.6493333333333333,0.004666666666666667,0.654,0.6493333333333333,CAWM0522,10/30/2020,Baseline,I,I
06146823-6de7-4913-b56b-a5923b45cd7b,NonSnowDom,Revisit,0.25466666666666665,0.6553333333333333,0.09,0.7453333333333333,0.6553333333333333,CAWM0477,10/31/2020,Baseline,I,I
e19c397d-85b0-480c-a367-36c731e646bc,NonSnowDom,Revisit,0.16,0.774,0.066,0.8400000000000001,0.774,CAWM0478,10/31/2020,Baseline,I,I
093fe39f-ad0b-407d-9482-c91691a7869d,NonSnowDom,Revisit,0.31733333333333336,0.598,0.08466666666666667,0.6826666666666666,0.598,CAWM0519,7/1/2020,Case Study,P,I
2e3ea015-1eb9-4256-8e2a-b5dded4b6f97,NonSnowDom,Revisit,0.018,0.102,0.88,0.982,0.88,CAWM0528,8/27/2020,Case Study,I,P
